USE los_ambientales;


INSERT INTO entidad_responsable (nombre, tipo, contacto) VALUES
('Ministerio de Medio Ambiente', 'pública', 'contacto@mma.gov'),
('Corporación Autónoma Regional', 'pública', 'info@car.gov'),
('Fundación Vida Silvestre', 'privada', 'contacto@vidasilvestre.org'),
('Red de Reservas Naturales', 'mixta', 'contacto@reservas.org'),
('Centro de Estudios Ambientales', 'pública', 'contacto@estudiosambientales.edu'),
('Agencia de Biodiversidad', 'pública', 'biodiversidad@agencia.gov'),
('Asociación de Parques Nacionales', 'mixta', 'contacto@parques.org'),
('Instituto de Recursos Naturales', 'pública', 'recursos@instituto.gov'),
('Fondo para la Biodiversidad', 'privada', 'info@fondobiodiversidad.org'),
('Programa de Protección Ambiental', 'mixta', 'info@proteccionambiental.org'),
('Consejo de Recursos Naturales', 'pública', 'recursos@consejo.gov'),
('Organización para la Naturaleza', 'privada', 'info@naturaleza.org'),
('Red Ecológica Nacional', 'mixta', 'contacto@redeco.org'),
('Instituto de Fauna y Flora', 'pública', 'contacto@faunayflora.gov'),
('Alianza por la Selva', 'privada', 'info@alianzaselva.org'),
('Centro de Protección Ambiental', 'mixta', 'info@proteccionambiental.org'),
('Sociedad de Parques Naturales', 'pública', 'sociedad@parques.gov'),
('Red de Investigación Ecológica', 'privada', 'info@investigacionecologica.org'),
('Comisión de Vida Silvestre', 'mixta', 'info@vidasilvestre.org'),
('Instituto de Cambio Climático', 'pública', 'info@cambioclimatico.gov'),
('Colectivo de Reforestación', 'privada', 'contacto@reforestacion.org'),
('Agencia de Conservación del Agua', 'mixta', 'info@agua.org'),
('Corporación de Desarrollo Verde', 'pública', 'info@desarrolloverde.gov'),
('Fondo para la Conservación', 'privada', 'info@fondoconservacion.org'),
('Asociación de Parques y Reservas', 'mixta', 'contacto@parquesyreservas.org'),
('Centro de Monitoreo Ambiental', 'pública', 'info@monitoreoambiental.gov'),
('Alianza por la Vida Silvestre', 'privada', 'info@vidasilvestre.org'),
('Conservación y Desarrollo Sustentable', 'mixta', 'contacto@desarrollosustentable.org'),
('Eco Fundación Global', 'pública', 'info@ecofundacion.gov'),
('Instituto de Protección Forestal', 'privada', 'info@proteccionforestal.org'),
('Organización Mundial Ecológica', 'mixta', 'info@ecologia.org'),
('Red de Reservas Privadas', 'pública', 'info@reservasprivadas.gov'),
('Fundación Planeta Verde', 'privada', 'info@planetaverde.org'),
('Agencia de Control Ambiental', 'mixta', 'info@controlambiental.org'),
('Programa de Protección de Especies', 'pública', 'info@proteccionespecies.gov'),
('Instituto Nacional de Ecología', 'privada', 'info@ecologia.gov'),
('Fondo Ecológico Internacional', 'mixta', 'info@fondoecologico.org'),
('Alianza para la Conservación del Suelo', 'pública', 'info@conservacionsuelo.gov'),
('Sociedad para la Biodiversidad', 'privada', 'info@biodiversidad.org'),
('Centro de Educación Ambiental', 'mixta', 'info@educacionambiental.org'),
('Organización de Restauración Ecológica', 'pública', 'info@restauracion.org'),
('Red de Sostenibilidad Ambiental', 'privada', 'info@sostenibilidad.org'),
('Instituto de Recursos Hídricos', 'mixta', 'info@recursoshidricos.org'),
('Conservación del Patrimonio Natural', 'pública', 'info@patrimonionatural.org'),
('Alianza Global por el Ambiente', 'privada', 'info@globalambiente.org'),
('Organización para la Sostenibilidad', 'mixta', 'info@sostenibilidad.org'),
('Programa de Regeneración Ecológica', 'pública', 'info@regeneracionecologica.gov'),
('Fondo para la Regeneración de Ecosistemas', 'privada', 'info@regeneracionecosistemas.org'),
('Asociación para el Desarrollo Ambiental', 'mixta', 'info@desarrolloambiental.org'),
('Instituto de Innovación Ambiental', 'pública', 'info@innovacionambiental.gov');



-- Inserciones para la tabla departamento
USE los_ambientales;

INSERT INTO departamento (nombre, id_entidad_responsable) VALUES
('Amazonas', 1), ('Antioquia', 2), ('Arauca', 3), ('Atlántico', 4), ('Bolívar', 5),
('Boyacá', 6), ('Caldas', 7), ('Caquetá', 8), ('Casanare', 9), ('Cauca', 10),
('Cesar', 1), ('Chocó', 2), ('Córdoba', 3), ('Cundinamarca', 4), ('Guainía', 5),
('Guaviare', 6), ('Huila', 7), ('La Guajira', 8), ('Magdalena', 9), ('Meta', 10),
('Nariño', 1), ('Norte de Santander', 2), ('Putumayo', 3), ('Quindío', 4), ('Risaralda', 5),
('San Andrés y Providencia', 6), ('Santander', 7), ('Sucre', 8), ('Tolima', 9), ('Valle del Cauca', 10),
('Vaupés', 1), ('Vichada', 2), ('Bogotá D.C.', 3), ('Buenaventura', 4), ('Tumaco', 5),
('Santa Marta', 6), ('Cartagena', 7), ('Bucaramanga', 8), ('Pasto', 9), ('Florencia', 10),
('Manizales', 1), ('Neiva', 2), ('Armenia', 3), ('Villavicencio', 4), ('Montería', 5),
('Leticia', 6), ('Popayán', 7), ('Tunja', 8), ('Ibagué', 9), ('Cúcuta', 10);


-- Inserciones para la tabla parque
USE los_ambientales;

INSERT INTO parque (nombre, fecha_declaracion, superficie_total) VALUES
('Parque Nacional Natural Amacayacu', '1975-08-09', 2935000.00),
('Parque Nacional Natural El Cocuy', '1977-05-02', 3060000.00),
('Parque Nacional Natural Los Nevados', '1973-06-06', 583000.00),
('Parque Nacional Natural Tayrona', '1964-04-24', 1500000.00),
('Parque Nacional Natural Chingaza', '1977-03-07', 764000.00),
('Parque Nacional Natural Gorgona', '1984-06-19', 61800.00),
('Parque Nacional Natural Macuira', '1977-05-21', 250000.00),
('Parque Nacional Natural Farallones de Cali', '1968-07-19', 1960000.00),
('Parque Nacional Natural Utría', '1987-09-05', 54000.00),
('Parque Nacional Natural Sierra de la Macarena', '1971-11-10', 6292800.00),
('Parque Nacional Natural Sumapaz', '1977-02-25', 1540000.00),
('Parque Nacional Natural Serranía de Chiribiquete', '1989-09-21', 43200000.00),
('Parque Nacional Natural Pisba', '1977-06-10', 452000.00),
('Parque Nacional Natural Cahuinarí', '1987-06-20', 5750000.00),
('Parque Nacional Natural La Paya', '1984-06-22', 4220000.00),
('Parque Nacional Natural Puinawai', '1989-09-29', 10900000.00),
('Parque Nacional Natural Sanquianga', '1977-12-01', 800000.00),
('Parque Nacional Natural Paramillo', '1977-02-28', 5040000.00),
('Parque Nacional Natural Nukak', '1989-06-21', 8550000.00),
('Parque Nacional Natural Los Katíos', '1974-08-06', 720000.00),
('Parque Nacional Natural Tamá', '1977-03-12', 480000.00),
('Parque Nacional Natural Tinigua', '1989-06-12', 2170000.00),
('Parque Nacional Natural Yaigojé Apaporis', '2009-10-22', 10750000.00),
('Parque Nacional Natural Las Hermosas', '1977-03-06', 1250000.00),
('Parque Nacional Natural Chiribiquete', '2013-07-05', 28000000.00),
('Parque Nacional Natural Tatamá', '1987-05-28', 519000.00),
('Parque Nacional Natural Cordillera de Los Picachos', '1977-08-25', 2560000.00),
('Parque Nacional Natural Los Estoraques', '1988-07-19', 64000.00),
('Parque Nacional Natural Old Providence McBean Lagoon', '1995-06-20', 14000.00),
('Parque Nacional Natural Bahía Portete', '2000-04-21', 142000.00),
('Parque Nacional Natural Isla de Salamanca', '1964-06-14', 560000.00),
('Parque Nacional Natural Serranía de Los Churumbelos', '2007-08-29', 970000.00),
('Parque Nacional Natural Serranía del Perijá', '2016-03-12', 900000.00),
('Parque Nacional Natural Serranía del Baudó', '2013-05-30', 1500000.00),
('Parque Nacional Natural Cinaruco', '2018-06-08', 845000.00),
('Parque Nacional Natural Miraflores', '2004-10-15', 7850000.00),
('Parque Nacional Natural Alto Fragua Indi Wasi', '2002-06-20', 750000.00),
('Parque Nacional Natural Orito Ingi Ande', '2008-12-15', 78500.00),
('Parque Nacional Natural Doña Juana Cascabel', '2007-02-19', 620000.00),
('Parque Nacional Natural Güejar', '2010-09-12', 1100000.00),
('Parque Nacional Natural Sueva', '2015-11-18', 440000.00),
('Parque Nacional Natural Quipama', '2019-07-07', 720000.00),
('Parque Nacional Natural Tequendama', '2021-03-10', 530000.00),
('Parque Nacional Natural El Tuparro', '1970-06-12', 5480000.00),
('Parque Nacional Natural El Corralito', '2020-02-15', 200000.00),
('Parque Nacional Natural Bahía Málaga', '2022-04-05', 310000.00),
('Parque Nacional Natural Serranía del Darien', '2018-06-25', 875000.00),
('Parque Nacional Natural Páramo del Sol', '2017-12-30', 680000.00),
('Parque Nacional Natural Río Guaviare', '2020-07-19', 725000.00);



-- Inserciones para la tabla departamento_parque

-- Inserciones corregidas para la tabla departamento_parque
USE los_ambientales;

INSERT INTO departamento_parque (id_departamento, id_parque) VALUES
(1,1), (2,2), (3,3), (4,4), (5,5),
(6,6), (7,7), (8,8), (9,9), (10,10),
(1,11), (2,12), (3,13), (4,14), (5,15),
(6,16), (7,17), (8,18), (9,19), (10,20),
(1,21), (2,22), (3,23), (4,24), (5,25),
(6,26), (7,27), (8,28), (9,29), (10,30),
(1,31), (2,32), (3,33), (4,34), (5,35),
(6,36), (7,37), (8,38), (9,39), (10,40),
(1,41), (2,42), (3,43), (4,44), (5,45),
(6,46), (7,47), (8,48), (9,49);


-- Inserciones para la tabla área

INSERT INTO area (id_parque, nombre, extension) VALUES
(1, 'Sector A', 500.75), (2, 'Zona Norte', 1200.40), (3, 'Bosque Húmedo', 800.60),
(4, 'Cascada Azul', 1500.30), (5, 'Valle Escondido', 1100.50), (6, 'Sendero del Jaguar', 950.90),
(7, 'Ciénaga del Sol', 870.20), (8, 'Reserva del Cóndor', 1400.70), (9, 'Mirador del Águila', 2000.80),
(10, 'Cueva de Cristal', 1750.00), (11, 'Pantano Negro', 500.40), (12, 'Río Esmeralda', 600.30),
(13, 'Selva Profunda', 700.90), (14, 'Altiplano Rocoso', 650.80), (15, 'Playa Dorada', 900.75),
(16, 'Cañón del Viento', 1550.60), (17, 'Manglares del Sur', 1250.40), (18, 'Páramo Alto', 1300.50),
(19, 'Bosque Encantado', 850.90), (20, 'Laguna Sagrada', 1200.20), (21, 'Dunas del Este', 700.30),
(22, 'Monte Sombrío', 1000.40), (23, 'Río Cristalino', 1750.80), (24, 'Garganta del Puma', 1350.90),
(25, 'Meseta Verde', 1400.60), (26, 'Cueva del Murciélago', 900.30), (27, 'Sabanas del Silencio', 1500.80),
(28, 'Arrecife Coralino', 2000.50), (29, 'Sendero Oculto', 750.70), (30, 'Isla del Pescador', 1800.90),
(31, 'Cerro Rojo', 1100.40), (32, 'Cascada del Trueno', 950.30), (33, 'Punta Rocosa', 650.50),
(34, 'Páramo de Oro', 800.20), (35, 'Desierto Vivo', 900.80), (36, 'Estepa Andina', 700.60),
(37, 'Reserva de los Monos', 1250.90), (38, 'Laguna Escondida', 1450.30), (39, 'Selva Brillante', 1600.70),
(40, 'Montaña Azul', 1300.50), (41, 'Peñón del Silencio', 1700.90), (42, 'Río de la Vida', 1950.80),
(43, 'Sierra del Alba', 1400.40), (44, 'Valle Verde', 900.30), (45, 'Isla Esmeralda', 1100.60),
(46, 'Mirador del Sol', 1550.90), (47, 'Cascada Mágica', 1250.70), (48, 'Bosque de los Tiempos', 1350.50),
(49, 'Monte Verde', 1450.30);


-- Inserciones para la tabla especie

INSERT INTO especie (nombre_cientifico, nombre_vulgar, tipo) VALUES
('Panthera onca', 'Jaguar', 'animal'),
('Tremarctos ornatus', 'Oso de anteojos', 'animal'),
('Ramphastos tucanus', 'Tucán pico rojo', 'animal'),
('Crocodylus intermedius', 'Caimán llanero', 'animal'),
('Podocnemis lewyana', 'Tortuga del Magdalena', 'animal'),
('Ateles belzebuth', 'Mono araña', 'animal'),
('Lagothrix lagotricha', 'Mono churuco', 'animal'),
('Harpia harpyja', 'Águila harpía', 'animal'),
('Chelonia mydas', 'Tortuga verde', 'animal'),
('Cebus albifrons', 'Mono cariblanco', 'animal'),
('Espeletia grandiflora', 'Frailejón', 'vegetal'),
('Quercus humboldtii', 'Roble negro', 'vegetal'),
('Cedrela odorata', 'Cedro', 'vegetal'),
('Swietenia macrophylla', 'Caoba', 'vegetal'),
('Podocarpus oleifolius', 'Pino colombiano', 'vegetal'),
('Bromelia balansae', 'Bromelia', 'vegetal'),
('Ficus insipida', 'Higuerón', 'vegetal'),
('Cinchona pubescens', 'Quina', 'vegetal'),
('Cattleya trianae', 'Orquídea Cattleya', 'vegetal'),
('Tabebuia rosea', 'Guayacán rosado', 'vegetal'),
('Quartz', 'Cuarzo', 'mineral'),
('Graphite', 'Grafito', 'mineral'),
('Hematite', 'Hematita', 'mineral'),
('Feldspar', 'Feldespato', 'mineral'),
('Mica', 'Mica', 'mineral'),
('Calcite', 'Calcita', 'mineral'),
('Galena', 'Galena', 'mineral'),
('Pyrite', 'Pirita', 'mineral'),
('Azurite', 'Azurita', 'mineral'),
('Magnetite', 'Magnetita', 'mineral'),
('Fluorite', 'Fluorita', 'mineral'),
('Dolomite', 'Dolomita', 'mineral'),
('Malachite', 'Malaquita', 'mineral'),
('Sulfur', 'Azufre', 'mineral'),
('Tourmaline', 'Turmalina', 'mineral'),
('Sphalerite', 'Esfalerita', 'mineral'),
('Chalcopyrite', 'Calcopirita', 'mineral'),
('Topaz', 'Topacio', 'mineral'),
('Opal', 'Ópalo', 'mineral'),
('Emerald', 'Esmeralda', 'mineral'),
('Ruby', 'Rubí', 'mineral'),
('Sapphire', 'Zafiro', 'mineral'),
('Amethyst', 'Amatista', 'mineral'),
('Agate', 'Ágata', 'mineral'),
('Corundum', 'Corindón', 'mineral'),
('Garnet', 'Granate', 'mineral'),
('Peridot', 'Peridoto', 'mineral'),
('Spinel', 'Espinela', 'mineral'),
('Obsidian', 'Obsidiana', 'mineral');


-- Inserciones para la tabla área_especie

INSERT INTO area_especie (id_area, id_especie, cantidad) VALUES
(1, 1, 25), (2, 2, 18), (3, 3, 40), (4, 4, 12), (5, 5, 30),
(6, 6, 50), (7, 7, 22), (8, 8, 15), (9, 9, 28), (10, 10, 35),
(11, 11, 100), (12, 12, 90), (13, 13, 110), (14, 14, 75), (15, 15, 85),
(16, 16, 95), (17, 17, 80), (18, 18, 60), (19, 19, 55), (20, 20, 70),
(21, 21, 20), (22, 22, 45), (23, 23, 30), (24, 24, 40), (25, 25, 15),
(26, 26, 60), (27, 27, 35), (28, 28, 25), (29, 29, 50), (30, 30, 18),
(31, 31, 120), (32, 32, 95), (33, 33, 70), (34, 34, 80), (35, 35, 65),
(36, 36, 45), (37, 37, 55), (38, 38, 75), (39, 39, 90), (40, 40, 35),
(41, 41, 15), (42, 42, 10), (43, 43, 20), (44, 44, 50), (45, 45, 30),
(46, 46, 25), (47, 47, 60), (48, 48, 70), (49, 49, 80);

-- Inserciones para la tabla tipo_personal
USE los_ambientales;

INSERT INTO tipo_personal (descripcion) VALUES
('Administrador de parques'),
('Biólogo especializado'),
('Guardaparque'),
('Investigador de fauna'),
('Investigador de flora'),
('Técnico en reforestación'),
('Ecólogo'),
('Ingeniero ambiental'),
('Zoologo'),
('Botánico'),
('Microbiólogo ambiental'),
('Geógrafo'),
('Químico ambiental'),
('Hidrólogo'),
('Arqueólogo ambiental'),
('Especialista en especies invasoras'),
('Analista de impacto ambiental'),
('Educador ambiental'),
('Coordinador de proyectos ecológicos'),
('Gestor de residuos'),
('Especialista en energías renovables'),
('Científico de ecosistemas'),
('Gestor de áreas protegidas'),
('Coordinador de monitoreo ambiental'),
('Asesor en legislación ambiental'),
('Especialista en calidad del aire'),
('Científico climático'),
('Analista de datos ambientales'),
('Experto en eco-turismo'),
('Investigador en cambio climático'),
('Especialista en desarrollo sustentable'),
('Coordinador de proyectos forestales'),
('Geólogo ambiental'),
('Director de reservas naturales'),
('Experto en biotecnología ambiental'),
('Coordinador de educación ambiental'),
('Investigador de humedales'),
('Técnico en manejo de recursos naturales'),
('Especialista en restauración ecológica'),
('Asesor en políticas ambientales'),
('Gestor de parques naturales'),
('Analista de biodiversidad'),
('Técnico en agroecología'),
('Consultor en sostenibilidad'),
('Investigador de bosques tropicales'),
('Conservacionista de vida silvestre'),
('Técnico en protección de cuencas hídricas'),
('Especialista en recuperación de ecosistemas'),
('Coordinador de programas de reciclaje'),
('Especialista en turismo sostenible');


-- Inserciones para la tabla personal
INSERT INTO personal (cedula, nombre, direccion, telefono, email, sueldo, id_tipo_personal, id_parque) VALUES
('10000001', 'Juan Pérez', 'Calle 10 #20-30, Bogotá', '3001234567', 'juan.perez@email.com', 3500000, 1, 1),
('10000002', 'María González', 'Carrera 15 #45-67, Medellín', '3102345678', 'maria.gonzalez@email.com', 4200000, 2, 2),
('10000003', 'Carlos Rodríguez', 'Av 68 #12-34, Cali', '3203456789', 'carlos.rodriguez@email.com', 3800000, 3, 3),
('10000004', 'Laura Ramírez', 'Calle 50 #10-80, Bucaramanga', '3154567890', 'laura.ramirez@email.com', 5000000, 4, 4),
('10000005', 'Pedro Herrera', 'Carrera 100 #20-45, Barranquilla', '3195678901', 'pedro.herrera@email.com', 3900000, 5, 5),
('10000006', 'Ana Torres', 'Calle 30 #5-10, Cartagena', '3116789012', 'ana.torres@email.com', 3600000, 6, 6),
('10000007', 'Luis Fernández', 'Avenida Simón Bolívar #100-200, Pasto', '3137890123', 'luis.fernandez@email.com', 4100000, 7, 7),
('10000008', 'Camila Duarte', 'Calle 75 #8-40, Cúcuta', '3178901234', 'camila.duarte@email.com', 3700000, 8, 8),
('10000009', 'Javier López', 'Carrera 50 #22-55, Villavicencio', '3149012345', 'javier.lopez@email.com', 4600000, 9, 9),
('10000010', 'Diana Ríos', 'Av Caracas #30-15, Neiva', '3120123456', 'diana.rios@email.com', 4400000, 10, 10),
('10000011', 'Hugo Sánchez', 'Calle 10 #15-20, Leticia', '3181234567', 'hugo.sanchez@email.com', 3500000, 11, 11),
('10000012', 'Rosa Medina', 'Carrera 25 #30-45, Ibagué', '3162345678', 'rosa.medina@email.com', 3900000, 12, 12),
('10000013', 'Fernando Castro', 'Calle 80 #40-60, Santa Marta', '3193456789', 'fernando.castro@email.com', 3800000, 13, 13),
('10000014', 'Eliana Vargas', 'Carrera 5 #55-70, Popayán', '3154567890', 'eliana.vargas@email.com', 4100000, 14, 14),
('10000015', 'Ricardo Jiménez', 'Calle 150 #20-90, Tunja', '3145678901', 'ricardo.jimenez@email.com', 4500000, 15, 15),
('10000016', 'Gloria Peña', 'Av Boyacá #200-10, Yopal', '3136789012', 'gloria.pena@email.com', 3800000, 16, 16),
('10000017', 'Sergio Moreno', 'Carrera 70 #25-35, Riohacha', '3117890123', 'sergio.moreno@email.com', 3700000, 17, 17),
('10000018', 'Natalia Díaz', 'Calle 120 #10-50, Florencia', '3178901234', 'natalia.diaz@email.com', 3600000, 18, 18),
('10000019', 'Roberto Castillo', 'Carrera 45 #15-90, Manizales', '3149012345', 'roberto.castillo@email.com', 4000000, 19, 19),
('10000020', 'Andrea Cortés', 'Av Caracas #5-25, Valledupar', '3120123456', 'andrea.cortes@email.com', 4300000, 20, 20),
('10000021', 'David Gómez', 'Calle 88 #30-75, Armenia', '3181234567', 'david.gomez@email.com', 3900000, 21, 21),
('10000022', 'Carolina Suárez', 'Carrera 100 #20-45, San Andrés', '3162345678', 'carolina.suarez@email.com', 3500000, 22, 22),
('10000023', 'José Vargas', 'Calle 50 #60-30, Quibdó', '3193456789', 'jose.vargas@email.com', 4000000, 23, 23),
('10000024', 'Isabela León', 'Carrera 5 #75-20, Mocoa', '3154567890', 'isabela.leon@email.com', 4200000, 24, 24),
('10000025', 'Tomás Nieto', 'Av Circunvalar #15-80, Inírida', '3145678901', 'tomas.nieto@email.com', 3800000, 25, 25),
('10000026', 'Paula Méndez', 'Calle 200 #40-60, Mitú', '3136789012', 'paula.mendez@email.com', 3700000, 26, 26),
('10000027', 'Jorge Paredes', 'Carrera 60 #90-10, Puerto Carreño', '3117890123', 'jorge.paredes@email.com', 4500000, 27, 27),
('10000028', 'Mónica Rojas', 'Av 68 #22-55, Bogotá', '3178901234', 'monica.rojas@email.com', 4000000, 28, 28),
('10000029', 'Daniel Benítez', 'Calle 30 #75-10, Medellín', '3149012345', 'daniel.benitez@email.com', 3800000, 29, 29),
('10000030', 'Sofía Álvarez', 'Carrera 45 #10-60, Cali', '3120123456', 'sofia.alvarez@email.com', 4100000, 30, 30);

-- Inserciones para la tabla vehículo
-- Inserciones para la tabla vehículo
USE los_ambientales;

INSERT INTO vehiculo (id_personal, tipo, marca, placa) VALUES
(3, 'Camioneta 4x4', 'Toyota', 'ABC001'),
(3, 'Moto Enduro', 'Honda', 'XYZ002'),
(3, 'Cuatrimoto', 'Yamaha', 'JKL003'),
(3, 'Lancha rápida', 'Mercury', 'DEF004'),
(3, 'Camioneta eléctrica', 'Tesla', 'EV005'),
(6, 'Moto de vigilancia', 'Ducati', 'SEC006'),
(6, 'Lancha de patrullaje', 'Suzuki', 'RTY007'),
(6, 'Cuatrimoto de rescate', 'Can-Am', 'RES008'),
(6, 'Moto híbrida', 'KTM', 'HYB009'),
(6, 'Camioneta de exploración', 'Chevrolet', 'SAF010'),
(9, 'Camioneta 4x4', 'Nissan', 'HJK011'),
(9, 'Moto Enduro', 'Yamaha', 'QWE012'),
(9, 'Cuatrimoto', 'Honda', 'EXP013'),
(9, 'Lancha de inspección', 'Evinrude', 'RIV014'),
(9, 'Camioneta de exploración', 'Chevrolet', 'EXP015'),
(12, 'Moto de vigilancia', 'Ducati', 'SEC016'),
(12, 'Lancha ambiental', 'Mercury', 'ECO017'),
(12, 'Camioneta híbrida', 'Ford', 'HYB018'),
(12, 'Cuatrimoto de patrullaje', 'Can-Am', 'PAT019'),
(12, 'Moto eléctrica', 'Zero', 'ELEC020'),
(15, 'Camioneta 4x4', 'Jeep', 'OFD021'),
(15, 'Moto Enduro', 'BMW', 'ADV022'),
(15, 'Lancha rápida', 'Suzuki', 'RIV023'),
(15, 'Camioneta 4x4', 'Mitsubishi', 'OUT024'),
(15, 'Moto de vigilancia', 'Honda', 'SEC025'),
(18, 'Camioneta 4x4', 'Chevrolet', 'CVC026'),
(18, 'Moto Enduro', 'Yamaha', 'END027'),
(18, 'Lancha patrullera', 'Yamaha', 'LAN028'),
(18, 'Cuatrimoto', 'Arctic Cat', 'NAT029'),
(18, 'Camioneta híbrida', 'Toyota', 'HYB030'),
(21, 'Moto eléctrica', 'Zero', 'ELE031'),
(21, 'Cuatrimoto de rescate', 'Polaris', 'RES032'),
(21, 'Camioneta 4x4', 'Ford', 'OUT033'),
(21, 'Lancha ecológica', 'Evinrude', 'LAN034'),
(21, 'Moto híbrida', 'BMW', 'HYB035'),
(24, 'Cuatrimoto de patrullaje', 'Honda', 'PAT036'),
(24, 'Camioneta eléctrica', 'Tesla', 'EV037'),
(24, 'Lancha rápida', 'Mercury', 'LAN038'),
(24, 'Moto Enduro', 'Kawasaki', 'END039'),
(24, 'Camioneta de exploración', 'Chevrolet', 'EXP040'),
(27, 'Moto de vigilancia', 'Ducati', 'SEC041'),
(27, 'Cuatrimoto de rescate', 'Can-Am', 'RES042'),
(27, 'Lancha ambiental', 'Mercury', 'ECO043'),
(27, 'Camioneta 4x4', 'Toyota', 'OFD044'),
(27, 'Moto híbrida', 'KTM', 'HYB045'),
(30, 'Camioneta híbrida', 'Ford', 'HYB046'),
(30, 'Moto eléctrica', 'Zero', 'ELE047'),
(30, 'Cuatrimoto de patrullaje', 'Polaris', 'PAT048'),
(30, 'Lancha rápida', 'Evinrude', 'LAN049'),
(30, 'Moto Enduro', 'BMW', 'END050');

-- Inserciones para la tabla proyecto_investigacion


INSERT INTO proyecto_investigacion (nombre, presupuesto, fecha_inicio, fecha_fin, estado) VALUES
('Conservación del Jaguar', 5000000, '2023-01-15', '2024-06-30', 'en curso'),
('Impacto del Frailejón en el Ecosistema', 3200000, '2022-03-10', '2023-08-15', 'finalizado'),
('Reforestación del Parque Sumapaz', 7500000, '2023-09-01', '2025-05-20', 'en curso'),
('Monitoreo del Caimán Llanero', 4500000, '2022-05-12', '2023-12-31', 'finalizado'),
('Protección de la Tortuga del Magdalena', 6000000, '2024-01-01', '2025-06-15', 'en curso'),
('Estudio del Cambio Climático en la Amazonía', 9800000, '2023-04-20', '2024-11-30', 'en curso'),
('Control de Especies Invasoras', 4100000, '2022-08-05', '2023-12-10', 'finalizado'),
('Recuperación de Suelos en Áreas Protegidas', 3800000, '2023-02-15', '2024-08-01', 'en curso'),
('Efectos del Turismo en la Biodiversidad', 5500000, '2023-06-10', '2024-12-20', 'en curso'),
('Investigación de Nuevas Especies en Chiribiquete', 11000000, '2022-01-10', '2023-07-30', 'finalizado'),
('Regeneración de Corales en el Caribe', 7800000, '2023-09-20', '2025-02-25', 'en curso'),
('Estudio del Águila Harpía', 6700000, '2024-02-15', '2026-05-10', 'en curso'),
('Reforestación con Especies Nativas', 7200000, '2023-03-10', '2025-09-05', 'en curso'),
('Investigación de Anfibios en Peligro', 5200000, '2022-07-01', '2023-12-01', 'finalizado'),
('Manejo de Incendios Forestales', 5800000, '2023-11-01', '2025-04-10', 'en curso'),
('Reducción de Contaminación en Humedales', 6500000, '2023-08-15', '2024-11-01', 'en curso'),
('Impacto de la Agricultura en Áreas Protegidas', 4400000, '2022-05-01', '2023-09-20', 'finalizado'),
('Investigación de Bioluminiscencia Marina', 8900000, '2024-01-20', '2025-07-30', 'en curso'),
('Monitoreo de Mamíferos en Selvas Andinas', 7100000, '2023-09-10', '2025-01-15', 'en curso'),
('Rescate y Rehabilitación de Fauna Silvestre', 6000000, '2023-04-05', '2024-12-31', 'en curso'),
('Estudio del Río Amazonas', 9700000, '2022-02-20', '2023-10-10', 'finalizado'),
('Investigación de Peces en el Río Magdalena', 4800000, '2023-07-15', '2025-03-05', 'en curso'),
('Seguimiento a Poblaciones de Osos de Anteojos', 6500000, '2023-05-25', '2024-09-30', 'en curso'),
('Estudio sobre Polinización en los Andes', 5300000, '2023-10-12', '2025-06-20', 'en curso'),
('Conservación de los Bosques de Niebla', 7500000, '2024-01-10', '2026-04-15', 'en curso'),
('Investigación sobre el Cambio de Hábitats', 8800000, '2022-06-15', '2024-02-28', 'finalizado'),
('Regulación del Comercio de Flora y Fauna', 4600000, '2023-03-05', '2024-07-10', 'en curso'),
('Reducción del Impacto de Minería Ilegal', 7800000, '2023-11-01', '2025-03-01', 'en curso'),
('Estrategias para la Restauración de Manglares', 6200000, '2022-12-20', '2024-05-25', 'finalizado'),
('Estudio sobre Aves Migratorias', 6900000, '2023-07-30', '2025-08-10', 'en curso'),
('Uso de Tecnología para la Conservación', 8400000, '2024-02-01', '2025-09-15', 'en curso'),
('Monitoreo de Especies en Extinción', 9900000, '2022-05-12', '2024-01-10', 'finalizado'),
('Análisis de la Calidad del Agua en Parques', 7200000, '2023-08-08', '2024-12-05', 'en curso'),
('Recuperación de Ecosistemas Costeros', 6300000, '2023-11-05', '2025-06-30', 'en curso'),
('Desarrollo de Programas de Educación Ambiental', 5100000, '2022-09-25', '2023-12-15', 'finalizado'),
('Uso de Energías Renovables en Parques', 5700000, '2023-06-15', '2025-04-10', 'en curso'),
('Investigación sobre Insectos Polinizadores', 6800000, '2022-04-10', '2023-10-20', 'finalizado'),
('Monitoreo de Ecosistemas Marinos', 8700000, '2023-02-28', '2024-12-10', 'en curso'),
('Impacto del Cambio Climático en los Glaciares', 9200000, '2024-03-12', '2026-08-20', 'en curso'),
('Rehabilitación de Especies Rescatadas', 5900000, '2023-07-01', '2025-01-05', 'en curso'),
('Investigación sobre Endemismo en Parques', 7400000, '2022-11-11', '2024-04-30', 'finalizado'),
('Investigación sobre Ecosistemas Subterráneos', 7800000, '2023-10-10', '2025-05-15', 'en curso'),
('Análisis de la Contaminación Atmosférica', 8300000, '2022-07-15', '2023-11-10', 'finalizado'),
('Protección de Manglares en el Pacífico', 6200000, '2023-09-20', '2025-02-18', 'en curso'),
('Investigación sobre Biotecnología Ambiental', 9100000, '2024-01-05', '2025-10-25', 'en curso');

-- Agregar más investigadores
USE los_ambientales;

INSERT INTO personal (cedula, nombre, direccion, telefono, email, sueldo, id_tipo_personal, id_parque) VALUES
('10000031', 'Julian Castro', 'Calle 21 #5-10, Medellín', '3156789012', 'julian.castro@email.com', 4200000, 4, 5),
('10000032', 'Sergio Medina', 'Avenida 15 #45-32, Cali', '3105678901', 'sergio.medina@email.com', 4300000, 4, 6),
('10000033', 'Lucía Fernández', 'Carrera 60 #20-14, Barranquilla', '3194567890', 'lucia.fernandez@email.com', 4400000, 4, 7),
('10000034', 'Gabriel Sánchez', 'Av Boyacá #100-90, Santa Marta', '3183456789', 'gabriel.sanchez@email.com', 4150000, 4, 8),
('10000035', 'Andrea Vargas', 'Calle 89 #50-12, Bucaramanga', '3142345678', 'andrea.vargas@email.com', 4050000, 4, 9),
('10000036', 'Ricardo López', 'Carrera 33 #88-45, Cartagena', '3131234567', 'ricardo.lopez@email.com', 4350000, 4, 10),
('10000037', 'Daniela Ríos', 'Avenida Caracas #99-22, Cúcuta', '3120123456', 'daniela.rios@email.com', 4000000, 4, 11),
('10000038', 'Javier Molina', 'Calle 70 #30-90, Leticia', '3119012345', 'javier.molina@email.com', 4100000, 4, 12),
('10000039', 'Sofía Duarte', 'Carrera 10 #5-60, Ibagué', '3178901234', 'sofia.duarte@email.com', 3950000, 4, 13),
('10000040', 'Mario López', 'Calle 50 #30-20, Manizales', '3187654321', 'mario.lopez@email.com', 4100000, 4, 14);


-- Inserciones corregidas para la tabla investigador_proyecto
USE los_ambientales;


-- Inserciones corregidas para la tabla investigador_proyecto
USE los_ambientales;

-- Inserciones corregidas para la tabla investigador_proyecto
USE los_ambientales;

INSERT INTO investigador_proyecto (id_personal, id_proyecto) VALUES
(4, 1), (4, 5), (4, 10), (4, 15), (4, 20),
(40, 2), (40, 6), (40, 11), (40, 16), (40, 21),
(41, 3), (41, 7), (41, 12), (41, 17), (41, 22),
(42, 4), (42, 8), (42, 13), (42, 18), (42, 23),
(43, 9), (43, 14), (43, 19), (43, 24), (43, 25),
(44, 26), (44, 27), (44, 28), (44, 29), (44, 30),
(45, 31), (45, 32), (45, 33), (45, 34), (45, 35),
(46, 36), (46, 37), (46, 38), (46, 39), (46, 40),
(47, 41), (47, 42), (47, 43), (47, 44), (47, 45);


-- Inserciones para la tabla especie_proyecto
USE los_ambientales;

INSERT INTO especie_proyecto (id_especie, id_proyecto) VALUES
(1, 1), (2, 2), (3, 3), (4, 4), (5, 5),
(6, 6), (7, 7), (8, 8), (9, 9), (10, 10),
(11, 11), (12, 12), (13, 13), (14, 14), (15, 15),
(16, 16), (17, 17), (18, 18), (19, 19), (20, 20),
(21, 21), (22, 22), (23, 23), (24, 24), (25, 25),
(26, 26), (27, 27), (28, 28), (29, 29), (30, 30),
(31, 31), (32, 32), (33, 33), (34, 34), (35, 35),
(36, 36), (37, 37), (38, 38), (39, 39), (40, 40),
(41, 41), (42, 42), (43, 43), (44, 44), (45, 45);



-- Inserciones para la tabla visitante
USE los_ambientales;

INSERT INTO visitante (cedula, nombre, direccion, profesion, nacionalidad) VALUES
('20000001', 'Luis Pérez', 'Calle 12 #30-45, Bogotá', 'Ingeniero Ambiental', 'Colombiana'),
('20000002', 'Ana Rodríguez', 'Carrera 15 #10-20, Medellín', 'Bióloga', 'Colombiana'),
('20000003', 'Carlos Mendoza', 'Av 68 #20-15, Cali', 'Turista', 'Mexicana'),
('20000004', 'Laura Ramírez', 'Calle 50 #15-30, Barranquilla', 'Ecóloga', 'Argentina'),
('20000005', 'Javier López', 'Carrera 100 #25-40, Cartagena', 'Guía Turístico', 'Española'),
('20000006', 'Mariana Sánchez', 'Calle 75 #12-60, Bucaramanga', 'Investigadora', 'Ecuatoriana'),
('20000007', 'Fernando Torres', 'Carrera 33 #45-10, Santa Marta', 'Turista', 'Peruana'),
('20000008', 'Sofía Duarte', 'Av Caracas #99-22, Cúcuta', 'Fotógrafa', 'Chilena'),
('20000009', 'Daniela Moreno', 'Calle 80 #30-50, Leticia', 'Periodista', 'Brasileña'),
('20000010', 'Esteban Ríos', 'Carrera 10 #5-60, Ibagué', 'Turista', 'Canadiense'),
('20000011', 'Lucía Vargas', 'Calle 25 #45-70, Villavicencio', 'Científica', 'Colombiana'),
('20000012', 'Ricardo Jiménez', 'Av Circunvalar #10-30, Pasto', 'Turista', 'Venezolana'),
('20000013', 'Andrea Cortés', 'Calle 90 #30-80, Armenia', 'Geóloga', 'Francesa'),
('20000014', 'Tomás Nieto', 'Carrera 22 #50-90, Manizales', 'Turista', 'Alemana'),
('20000015', 'Paula Méndez', 'Calle 33 #60-40, Tunja', 'Profesora', 'Inglesa'),
('20000016', 'Jorge Paredes', 'Carrera 5 #75-20, Montería', 'Fotógrafo', 'Colombiana'),
('20000017', 'Mónica Rojas', 'Calle 45 #25-55, Yopal', 'Turista', 'Estadounidense'),
('20000018', 'David Benítez', 'Carrera 70 #30-90, Riohacha', 'Investigador', 'Argentina'),
('20000019', 'Sofía Álvarez', 'Calle 50 #15-10, Popayán', 'Periodista', 'Brasileña'),
('20000020', 'Alejandro Duarte', 'Av Caracas #5-35, Quibdó', 'Turista', 'Colombiana'),
('20000021', 'Camilo Reyes', 'Carrera 60 #20-25, Mocoa', 'Estudiante', 'Mexicana'),
('20000022', 'Nicolás Suárez', 'Calle 200 #40-60, Inírida', 'Turista', 'Peruana'),
('20000023', 'Isabela León', 'Carrera 80 #90-10, Mitú', 'Ecóloga', 'Uruguaya'),
('20000024', 'Sebastián Vargas', 'Calle 100 #50-30, Puerto Carreño', 'Científico', 'Colombiana'),
('20000025', 'Valentina Castro', 'Carrera 45 #10-70, Bogotá', 'Turista', 'Chilena'),
('20000026', 'Francisco Ramírez', 'Calle 120 #30-90, Medellín', 'Investigador', 'Española'),
('20000027', 'Gabriela Gómez', 'Carrera 5 #55-20, Cali', 'Profesora', 'Ecuatoriana'),
('20000028', 'José Vargas', 'Calle 90 #40-80, Barranquilla', 'Turista', 'Francesa'),
('20000029', 'Elena Muñoz', 'Carrera 50 #30-45, Santa Marta', 'Fotógrafa', 'Alemana'),
('20000030', 'Samuel Peña', 'Av Circunvalar #10-20, Cartagena', 'Turista', 'Canadiense'),
('20000031', 'Antonia Ríos', 'Calle 80 #20-10, Bucaramanga', 'Estudiante', 'Venezolana'),
('20000032', 'Mauricio Nieto', 'Carrera 25 #60-50, Villavicencio', 'Turista', 'Argentina'),
('20000033', 'Fabián León', 'Calle 40 #30-75, Tunja', 'Guía Turístico', 'Colombiana'),
('20000034', 'Daniel Salazar', 'Av Boyacá #200-15, Manizales', 'Turista', 'Estadounidense'),
('20000035', 'Camila Moreno', 'Carrera 15 #40-60, Ibagué', 'Periodista', 'Colombiana'),
('20000036', 'Juan Pacheco', 'Calle 75 #25-10, Leticia', 'Turista', 'Peruana'),
('20000037', 'Marcela Suárez', 'Carrera 5 #100-20, Cúcuta', 'Científica', 'Francesa'),
('20000038', 'Raúl Pineda', 'Calle 50 #30-30, Quibdó', 'Turista', 'Mexicana'),
('20000039', 'Luciana Vega', 'Carrera 60 #20-40, Pasto', 'Fotógrafa', 'Brasileña'),
('20000040', 'Cristian Herrera', 'Calle 200 #40-50, Montería', 'Turista', 'Colombiana'),
('20000041', 'Patricia Orozco', 'Carrera 100 #60-30, Mocoa', 'Investigadora', 'Argentina'),
('20000042', 'Roberto Fuentes', 'Calle 120 #90-80, Inírida', 'Turista', 'Venezolana'),
('20000043', 'Carolina Duarte', 'Carrera 50 #20-75, Mitú', 'Ecóloga', 'Ecuatoriana'),
('20000044', 'Ignacio Cárdenas', 'Calle 90 #10-50, Puerto Carreño', 'Turista', 'Chilena'),
('20000045', 'Cecilia Álvarez', 'Carrera 40 #30-60, Bogotá', 'Fotógrafa', 'Colombiana'),
('20000046', 'Gustavo Ortega', 'Av Caracas #15-70, Medellín', 'Turista', 'Mexicana'),
('20000047', 'Lorena Tapia', 'Calle 75 #40-20, Cali', 'Periodista', 'Peruana'),
('20000048', 'Esteban Salcedo', 'Carrera 30 #10-90, Barranquilla', 'Científico', 'Colombiana'),
('20000049', 'Renata Guzmán', 'Calle 60 #90-80, Santa Marta', 'Turista', 'Argentina'),
('20000050', 'Martín Sepúlveda', 'Carrera 5 #70-30, Cartagena', 'Guía Turístico', 'Colombiana');



-- Inserciones para la tabla alojamiento
USE los_ambientales;

INSERT INTO alojamiento (id_parque, tipo, capacidad, disponibilidad) VALUES
(1, 'cabaña', 6, 'libre'),
(2, 'zona de camping', 20, 'libre'),
(3, 'hostal', 15, 'libre'),
(4, 'hotel', 40, 'libre'),
(5, 'cabaña', 8, 'libre'),
(6, 'zona de camping', 25, 'libre'),
(7, 'hostal', 10, 'libre'),
(8, 'hotel', 35, 'libre'),
(9, 'cabaña', 5, 'libre'),
(10, 'zona de camping', 30, 'libre'),
(11, 'hostal', 12, 'libre'),
(12, 'hotel', 50, 'libre'),
(13, 'cabaña', 7, 'libre'),
(14, 'zona de camping', 18, 'libre'),
(15, 'hostal', 14, 'libre'),
(16, 'hotel', 45, 'libre'),
(17, 'cabaña', 9, 'libre'),
(18, 'zona de camping', 22, 'libre'),
(19, 'hostal', 16, 'libre'),
(20, 'hotel', 38, 'libre'),
(21, 'cabaña', 4, 'libre'),
(22, 'zona de camping', 28, 'libre'),
(23, 'hostal', 11, 'libre'),
(24, 'hotel', 42, 'libre'),
(25, 'cabaña', 10, 'libre'),
(26, 'zona de camping', 24, 'libre'),
(27, 'hostal', 13, 'libre'),
(28, 'hotel', 37, 'libre'),
(29, 'cabaña', 6, 'libre'),
(30, 'zona de camping', 26, 'libre'),
(31, 'hostal', 17, 'libre'),
(32, 'hotel', 41, 'libre'),
(33, 'cabaña', 8, 'libre'),
(34, 'zona de camping', 21, 'libre'),
(35, 'hostal', 9, 'libre'),
(36, 'hotel', 39, 'libre'),
(37, 'cabaña', 7, 'libre'),
(38, 'zona de camping', 23, 'libre'),
(39, 'hostal', 12, 'libre'),
(40, 'hotel', 44, 'libre'),
(41, 'cabaña', 5, 'libre'),
(42, 'zona de camping', 27, 'libre'),
(43, 'hostal', 14, 'libre'),
(44, 'hotel', 46, 'libre'),
(45, 'cabaña', 6, 'libre'),
(46, 'zona de camping', 19, 'libre'),
(47, 'hostal', 18, 'libre'),
(48, 'hotel', 43, 'libre'),
(49, 'cabaña', 9, 'libre');


-- Inserciones para la tabla estancia
USE los_ambientales;

INSERT INTO estancia (id_visitante, id_alojamiento, fecha_ingreso, fecha_salida, costo_total) VALUES
(1, 1, '2024-01-10', '2024-01-15', 250000),
(2, 2, '2024-02-05', '2024-02-10', 180000),
(3, 3, '2024-03-12', '2024-03-18', 300000),
(4, 4, '2024-04-20', '2024-04-25', 400000),
(5, 5, '2024-05-15', '2024-05-20', 275000),
(6, 6, '2024-06-05', '2024-06-12', 220000),
(7, 7, '2024-07-10', '2024-07-16', 330000),
(8, 8, '2024-08-01', '2024-08-07', 450000),
(9, 9, '2024-09-15', '2024-09-20', 310000),
(10, 10, '2024-10-05', '2024-10-10', 200000),
(11, 11, '2024-11-12', '2024-11-18', 370000),
(12, 12, '2024-12-20', '2024-12-26', 500000),
(13, 13, '2024-01-08', '2024-01-14', 290000),
(14, 14, '2024-02-18', '2024-02-24', 260000),
(15, 15, '2024-03-25', '2024-03-30', 320000),
(16, 16, '2024-04-10', '2024-04-15', 410000),
(17, 17, '2024-05-05', '2024-05-10', 285000),
(18, 18, '2024-06-15', '2024-06-21', 350000),
(19, 19, '2024-07-22', '2024-07-28', 390000),
(20, 20, '2024-08-10', '2024-08-15', 470000),
(21, 21, '2024-09-05', '2024-09-10', 250000),
(22, 22, '2024-10-18', '2024-10-24', 300000),
(23, 23, '2024-11-12', '2024-11-17', 270000),
(24, 24, '2024-12-05', '2024-12-10', 410000),
(25, 25, '2024-01-20', '2024-01-25', 290000),
(26, 26, '2024-02-10', '2024-02-16', 350000),
(27, 27, '2024-03-28', '2024-04-02', 390000),
(28, 28, '2024-04-15', '2024-04-20', 460000),
(29, 29, '2024-05-10', '2024-05-15', 320000),
(30, 30, '2024-06-05', '2024-06-10', 280000),
(31, 31, '2024-07-15', '2024-07-20', 350000),
(32, 32, '2024-08-10', '2024-08-15', 470000),
(33, 33, '2024-09-05', '2024-09-10', 250000),
(34, 34, '2024-10-18', '2024-10-24', 300000),
(35, 35, '2024-11-12', '2024-11-17', 270000),
(36, 36, '2024-12-05', '2024-12-10', 410000),
(37, 37, '2024-01-20', '2024-01-25', 290000),
(38, 38, '2024-02-10', '2024-02-16', 350000),
(39, 39, '2024-03-28', '2024-04-02', 390000),
(40, 40, '2024-04-15', '2024-04-20', 460000),
(41, 41, '2024-05-10', '2024-05-15', 320000),
(42, 42, '2024-06-05', '2024-06-10', 280000),
(43, 43, '2024-07-15', '2024-07-20', 350000),
(44, 44, '2024-08-10', '2024-08-15', 470000),
(45, 45, '2024-09-05', '2024-09-10', 250000),
(46, 46, '2024-10-18', '2024-10-24', 300000),
(47, 47, '2024-11-12', '2024-11-17', 270000),
(48, 48, '2024-12-05', '2024-12-10', 410000),
(49, 49, '2024-01-20', '2024-01-25', 290000),
(50, 1, '2024-02-10', '2024-02-16', 350000);
 